Timestamp,Quarto,Numero,Giocatore,Azione,Categoria,Zona
11:42:06,Q1,18,M. Spissu,3PT Fatto,Tiro,Wing 3 Right
11:42:15,Q1,15,G. Ricci,2PT Sbagliato,Tiro,Paint / Key
11:42:21,Q1,15,G. Ricci,2PT Sbagliato,Tiro,Paint / Key
11:42:26,Q1,9,D. Gallinari,2PT Fatto,Tiro,Mid-Range Center
11:42:30,Q1,7,L. Datome,2PT Sbagliato,Tiro,Mid-Range Center
11:42:33,Q1,4,M. Teodosic,2PT Sbagliato,Tiro,Mid-Range Center
11:42:47,Q1,18,M. Spissu,3PT Sbagliato,Tiro,Wing 3 Left
11:42:53,Q1,8,N. Melli,2PT Fatto,Tiro,Paint / Key
11:42:57,Q1,15,G. Ricci,2PT Fatto,Tiro,Paint / Key
11:43:00,Q1,7,L. Datome,2PT Fatto,Tiro,Paint / Key
11:43:07,Q1,77,L. Doncic,3PT Fatto,Tiro,Top 3 Arc
11:43:17,Q1,5,M. Belinelli,TL Fatto,Tiro,Generica
